block,district
371910002003039,21
371910003022012,21
371910003022006,21
371910003022008,21
371910003032023,21
371910003032015,21
371910003022015,21
371910003022005,21
371910003022003,21
371910006043040,21
371910006043038,21
371910006043039,21
371910002002000,21
371910002001017,21
371910002003034,21
371910002003026,21
371910002001015,21
371910002001003,21
371910002001002,21
371910002001001,21
371910002001016,21
371910002001000,21
371910002003033,21
371910002003029,21
371910002003025,21
371910002003032,21
371910002003030,21
371910002003028,21
371910002003031,21
371910002003021,21
371910002003023,21
371910002003027,21
371910002003024,21
371910002003020,21
371910002003022,21
371910002003007,21
371910002003006,21
371910002003008,21
371910002003009,21
371910002003005,21
371910002001004,21
371910018002032,21
371910018002021,21
371910018002033,21
371910018002031,21
371910018002023,21
371910018002022,21
371910018002029,21
371910019003002,21
371910019001036,21
371910018002028,21
371910018002027,21
371910019001035,21
371910019001034,21
371910018002024,21
371910018002025,21
371910001032008,21
371910001032003,21
371910001032002,21
371910001032053,21
371910001032000,21
371910001032004,21
371910001032047,21
371910001032024,21
371910001043000,21
371910001032048,21
371910001032022,21
371910001032023,21
371910001032020,21
371910001032021,21
371910001032009,21
371910001032007,21
371910001032019,21
371910001032013,21
371910001032014,21
371910001032049,21
371910001043005,21
371910001032050,21
371910001032052,21
371910001032017,21
371910001032016,21
371910001031061,21
371910001031062,21
371910001031060,21
371910001031059,21
371910001032051,21
371910001031018,21
371910001031017,21
371910001032018,21
371910001032015,21
371910001032001,21
371910001031016,21
371910001031015,21
371910001031010,21
371910001031013,21
371910001031014,21
371910001031012,21
371910001031011,21
371910001032012,21
371910001032036,21
371910001032056,21
371910001032011,21
371910001032010,21
371910001032006,21
371910001032005,21
371639701024011,22
371639701024013,22
371639701024012,22
371639701023012,22
371639701023021,22
371639701023004,22
371639701023011,22
371639701023005,22
371639702024001,22
371639702021047,22
371639702024000,22
371639702021046,22
371639701023003,22
371639702023043,22
371639702023039,22
371639702023040,22
371639701023010,22
371639701023006,22
371639701023013,22
371639701023002,22
371639702023041,22
371639701023001,22
371639701023009,22
371639701023008,22
371639701022017,22
371639701023000,22
371639710021067,22
371639710021068,22
371639710031055,22
371639710031054,22
371639710031056,22
371639710031050,22
371639710031051,22
371639710031053,22
371639710031052,22
371639710031026,22
371639710031049,22
371639710031027,22
371639710031029,22
371639703031014,22
371639703042017,22
371639703042018,22
371639703042015,22
371639703042009,22
371639703042007,22
371639703041035,22
371639703041034,22
371639703032009,22
371639703042022,22
371639703042023,22
371639703041032,22
371639703041029,22
371639703041031,22
371639703041033,22
371639703031020,22
371639703031021,22
371639703031015,22
371639703031010,22
371639703031009,22
371639703031011,22
371639703031023,22
371639703031032,22
371639703031027,22
371639703031022,22
371639703031026,22
371639703022004,22
371639703031025,22
371639703031024,22
371639703031007,22
371639703031013,22
371639703031005,22
371639703031001,22
371639703031002,22
371639703031006,22
371639703031008,22
371639703032007,22
371639703031003,22
371639703032002,22
371639703031004,22
371639703042002,22
371639703042001,22
371639703031000,22
371639703042010,22
371639703042003,22
371639703042019,22
371639703042012,22
371639704011026,22
371639704011004,22
371639704011003,22
371639704012024,22
371639704011036,22
371639704011002,22
371639704012017,22
371639704011001,22
371639704012022,22
371639704011039,22
371639704023003,22
371639704023009,22
371639704023002,22
371639704023001,22
371639704023008,22
371639704023000,22
371639704023025,22
371639704021042,22
371639704021018,22
371639704021028,22
371639704023005,22
371639704021014,22
371639704021013,22
371639704021019,22
371639704021015,22
371639704021029,22
371639704021020,22
371639704021030,22
371639704021017,22
371639704021016,22
371639705011037,22
371639705011038,22
371639704011025,22
371639704011027,22
371639704011023,22
371639704011014,22
371639704011022,22
371639704011021,22
371639704011028,22
371639704011030,22
371639704011029,22
371639704011020,22
371639704011019,22
371639704011017,22
371639704011011,22
371639704011015,22
371639704011016,22
371639704011010,22
371639704011005,22
371639704011006,22
371639704011031,22
371639704011018,22
371639704011007,22
371639704011008,22
371639704011032,22
371639704011035,22
371639704011033,22
371639704011034,22
371639704011009,22
371639704012008,22
371639704012010,22
371639704012013,22
371639704012009,22
371639704012011,22
371639704012014,22
371639704012007,22
371639704012006,22
371639704012012,22
371639704012023,22
371639704012004,22
371639704012005,22
371639703024013,22
371639703024004,22
371639703024006,22
371639704012015,22
371639704012016,22
371639704012018,22
371639704012019,22
371639704012020,22
371639704012001,22
371639704012003,22
371639703024007,22
371639704012002,22
371639703024008,22
371639703023024,22
371639703024003,22
371639703024001,22
371639703024000,22
371639703022038,22
371639703022031,22
371639703022036,22
371639703022030,22
371639703022029,22
371639703022019,22
371639703023012,22
371639703023011,22
371639703023014,22
371639703023013,22
371639703023004,22
371639703023010,22
371639703023005,22
371639703022035,22
371639703022034,22
371639703022033,22
371639703022027,22
371639703022028,22
371639703022024,22
371639703023003,22
371639703022026,22
371639703022025,22
371639704021004,22
371639704021005,22
371639704021006,22
371639704012000,22
371639710031037,22
371639710031034,22
371639710031036,22
371639709003043,22
371639710031048,22
371639710031046,22
371639710031047,22
371639710031045,22
371639710031032,22
371639710031033,22
371639710031031,22
371639710031044,22
371639710031041,22
371639710031038,22
371639710031039,22
371639710031035,22
371639710031043,22
371639709003047,22
371639710012030,22
371639710012027,22
371639710012014,22
371639710012013,22
371639710012026,22
371639710012024,22
371639710012023,22
371639710012015,22
371639709003044,22
371639710021020,22
371639710021019,22
371639709003011,22
371639710012052,22
371639710021009,22
371639710021008,22
371639710021018,22
371639710021082,22
371639710021017,22
371639710021007,22
371639710021006,22
371639710012061,22
371639710012051,22
371639710012039,22
371639710012053,22
371639710012042,22
371639710012056,22
371639710012054,22
371639710012045,22
371639710012060,22
371639710012040,22
371639710012041,22
371639710012031,22
371639710012017,22
371639710012018,22
371639710012046,22
371639710012022,22
371639710012055,22
371639710012047,22
371639710012021,22
371639710012043,22
371639710012044,22
371639710012020,22
371639710011025,22
371639710031030,22
371639710031023,22
371639710031014,22
371639710031025,22
371639710031012,22
371639703022032,22
371639703022008,22
371639703022009,22
371639703031031,22
371639703031030,22
371639703022020,22
371639703022007,22
371639703022006,22
371639703031018,22
371639703031017,22
371639703031029,22
371639703031019,22
371639703031012,22
371639703031016,22
371639703022023,22
371639703022005,22
371639703031028,22
371639703022018,22
371639703022017,22
371639703022003,22
371639710031024,22
371639710031013,22
371639710031022,22
371639710031018,22
371639710031028,22
371639710031017,22
371639710031020,22
371639710031011,22
371639710031015,22
371639710031003,22
371639710021080,22
371639710021027,22
371639710021076,22
371639710021075,22
371639710021074,22
371639710021028,22
371639710031016,22
371639710031019,22
371639710031002,22
371639710031021,22
371639710031001,22
371639710021052,22
371639710021053,22
371639710021072,22
371639710021073,22
371639710021029,22
371639710021030,22
371639710021039,22
371639710021040,22
371639710021051,22
371639710021041,22
371639710021038,22
371639710021037,22
371639710021050,22
371639710021049,22
371639710021043,22
371639710021042,22
371639710031000,22
371639710021056,22
371639710021078,22
371639710021079,22
371639704011024,22
371639703024002,22
371639703022037,22
371639704011013,22
371639704011012,22
371639703024009,22
371639703024012,22
371639703024010,22
371639703024011,22
371639703024005,22
371910006041025,22
371910006041028,22
371910006041024,22
371910006042010,22
371910006041005,21
371910006041006,21
371910006033006,22
371910006033002,22
371910006033005,22
371910006033001,22
371910006033003,22
371910006033004,22
371910006033000,22
371910006032008,22
371910006032007,22
371910006032013,22
371910006032006,22
371910006032009,22
371910006032010,22
371910006032015,22
371910006032014,22
371910006042005,22
371910006042003,22
371910006032005,22
371910006032002,22
371910006032003,22
371910018001062,21
371910018001061,21
371910018001055,21
371910015001029,22
371910015001030,22
371910015001031,21
371910020001060,21
371910015001014,21
371910020001040,21
371910015001015,21
371910015001013,21
371910015001011,21
371910015001035,22
371910015001017,21
371910014021005,22
371910014012019,21
371910014012018,21
371910015001016,21
371910015001012,21
371910014012013,21
371910014012012,21
371910020001038,21
371910020001039,21
371910020001027,21
371910020001026,21
371910020001001,21
371910015001005,21
371910020001000,21
371910018001064,21
371910018001060,21
371910018002052,21
371910018001056,21
371910018001057,21
371910018002051,21
371910018002053,21
371910018002050,21
371910018002043,21
371910018002044,21
371910015001006,21
371910015001007,21
371910015001004,21
371910015001003,21
371910015001008,21
371910015001002,21
371910018002061,21
371910018002049,21
371910018002045,21
371910018002054,21
371910018002046,21
371910018002040,21
371910006033014,22
371910006041027,22
371910006042006,22
371910006041026,22
371910006042007,22
371910011031020,21
371910009011035,21
371910011031015,21
371910011031014,21
371910011032016,21
371910011031024,21
371910011031022,21
371910009011044,21
371910009011043,21
371910009011034,21
371910009011032,21
371910009011042,21
371910009013023,21
371910009011031,21
371910009011024,21
371910009013022,21
371910009013025,21
371910009013024,21
371910009011029,21
371910009011028,21
371910009013028,21
371910009013021,21
371910009011030,21
371910009011026,21
371910009011027,21
371910009011023,21
371910011031012,21
371910009011022,21
371910009011021,21
371910009011025,21
371910011031002,21
371910009011037,21
371910011031011,21
371910011031001,21
371910009021001,22
371910009022027,22
371910009021000,22
371910009022028,22
371910009022029,22
371910009022022,22
371910009022031,22
371910009022030,22
371910009022041,22
371910009022040,22
371910009022038,22
371910009022037,22
371910009022023,22
371910010001017,22
371910009023040,22
371910009023039,22
371910009023032,22
371910009023033,22
371910009023029,22
371910010001012,22
371910010001011,22
371910009012006,21
371910009012003,21
371910009012004,21
371910009012005,21
371910009023031,22
371910009012007,21
371910009023030,22
371910009012000,21
371910009021008,22
371910009021007,22
371910009023034,22
371910009023038,22
371910009021006,22
371910009023035,22
371910009023027,22
371910009023037,22
371910009022039,22
371910009022026,22
371910009023036,22
371910009022025,22
371910009022024,22
371910009023026,22
371910009023028,22
371910009023023,22
371910009023021,22
371910009023024,22
371910009023025,22
371910009022021,22
371910009022015,22
371910009023019,22
371910009023015,22
371910009023022,22
371910009023016,22
371910009023013,22
371910009013027,21
371910009012001,21
371910009011041,21
371910009012002,21
371910009011033,21
371910009011039,21
371910009011040,21
371910009021055,22
371910007003003,22
371910009021056,22
371910007003004,22
371910009021042,22
371910007003002,22
371910007003001,22
371910006034020,22
371910009021040,22
371910006034021,22
371910007003006,22
371910007003000,22
371910006034024,22
371910006034023,22
371910009021039,22
371910009021044,22
371910006034019,22
371910009021047,22
371910009021046,22
371910009021048,22
371910009021002,22
371910009021063,22
371910009022042,22
371910006034022,22
371910006034015,22
371910006034012,22
371910006034013,22
371910006034010,22
371910006034011,22
371910006034009,22
371910006033013,22
371910006033010,22
371910006033009,22
371910006034014,22
371910006033011,22
371910006033012,22
371910006033008,22
371910006033007,22
371910006034016,22
371910006034017,22
371910006034018,22
371910006034008,22
371910010001018,22
371910007003013,22
371910007003026,22
371910007003027,22
371910007003033,22
371910007003007,22
371910007003009,22
371910007003008,22
371910007003005,22
371910009021049,22
371910008002000,22
371910008002005,22
371910009021050,22
371910009021061,22
371910009021029,22
371910009021058,22
371910009021052,22
371910009021060,22
371910009021062,22
371910009021059,22
371910009021054,22
371910009021051,22
371910009021043,22
371910009021053,22
371910009021045,22
371910009021018,22
371910009021020,22
371910009021019,22
371910009021027,22
371910009021021,22
371910009021022,22
371910009021005,22
371910009021028,22
371910009021026,22
371910009021041,22
371910009021038,22
371910009021025,22
371910009021023,22
371910009021004,22
371910009021024,22
371910009021003,22
371910007002031,22
371910007003046,22
371910007003045,22
371910007003044,22
371910007003043,22
371910007002035,22
371910007002034,22
371910007003042,22
371910007003038,22
371910007003041,22
371910007002030,22
371910007002022,22
371910007002029,22
371910007003036,22
371910007003031,22
371910007003022,22
371910007003039,22
371910007003040,22
371910007003037,22
371910007003014,22
371910007003015,22
371910008002052,22
371910009021036,22
371910008002051,22
371910009021014,22
371910009021015,22
371910009021037,22
371910008002050,22
371910008002049,22
371910008001029,22
371910009021016,22
371910009021011,22
371910009021010,22
371910009021009,22
371910008001024,22
371910008001021,22
371910008001020,22
371910008002075,22
371910008002057,22
371910008002048,22
371910008002056,22
371910008001019,22
371910008002047,22
371910008002055,22
371910008002007,22
371910008002024,22
371910008001026,22
371910008001016,22
371910008002059,22
371910008002060,22
371910008002023,22
371910008002064,22
371910008002071,22
371910008002063,22
371910008002070,22
371910008001056,22
371910008002068,22
371910008001050,22
371910008001048,22
371910008002069,22
371910008001028,22
371910008001030,22
371910008001055,22
371910008001049,22
371910008001051,22
371910008001054,22
371910010002032,22
371910010002031,22
371639701022004,22
371910010002037,22
371910008002054,22
371910010001024,22
371910010001022,22
371910010001021,22
371910010001023,22
371910010001020,22
371910008002053,22
371910008002065,22
371910009021013,22
371910009021012,22
371910010001015,22
371910010001019,22
371910010001016,22
371910010002012,22
371910010002013,22
371910010002002,22
371910010002019,22
371910010002014,22
371910010002003,22
371910010003018,22
371910010003012,22
371910010003004,22
371910010003017,22
371910010003010,22
371910010003011,22
371910010002017,22
371910010002015,22
371910010002001,22
371910010002016,22
371910010003009,22
371910010003008,22
371910010003003,22
371639703042011,22
371639703022010,22
371639703022002,22
371639703022015,22
371639703022011,22
371639703022013,22
371639703022014,22
371639703021014,22
371639703032012,22
371639703022001,22
371639703032011,22
371639703022000,22
371639703021010,22
371639703021009,22
371639703032010,22
371639703022012,22
371639703021015,22
371639703021017,22
371639703021016,22
371639703021011,22
371639703021018,22
371639703021035,22
371639703021034,22
371639703021012,22
371639703021019,22
371639703021020,22
371639703021013,22
371639703021008,22
371639703032008,22
371639703021003,22
371639703021007,22
371639703021002,22
371639703032006,22
371639703032003,22
371639703032001,22
371639703042020,22
371639703032004,22
371639703032005,22
371639703032000,22
371639703042021,22
371639703042013,22
371639703042016,22
371639703042004,22
371639703042014,22
371639703042008,22
371639701021022,22
371639701021018,22
371639701021017,22
371639701011014,22
371639701011009,22
371639701011008,22
371639701011007,22
371639701011002,22
371639701011004,22
371639701011001,22
371639701011000,22
371639701011005,22
371639701011006,22
371639701021041,22
371639701021042,22
371639701021043,22
371639701021026,22
371639701021024,22
371639701021023,22
371639701021020,22
371639701021015,22
371639701021019,22
371639701021021,22
371639707024012,22
371639707024003,22
371639707024002,22
371639707024014,22
371639701011024,22
371639707024013,22
371639707024001,22
371639707024000,22
371639707021006,22
371639701011018,22
371639701021048,22
371639701011021,22
371639701011019,22
371639701011020,22
371639701011023,22
371639701011029,22
371639701011016,22
371639701011022,22
371639701011017,22
371639701011011,22
371639701021047,22
371639701011010,22
371639701024018,22
371639701024019,22
371639701021037,22
371639701021036,22
371639701021008,22
371639701021044,22
371639701021046,22
371639701021038,22
371639701021039,22
371639701021007,22
371639701021009,22
371639701021034,22
371639701021040,22
371639701021035,22
371639701021045,22
371639701011003,22
371639701021032,22
371639701021033,22
371639701021030,22
371639701021011,22
371639701021029,22
371639701021012,22
371639701021013,22
371639701021028,22
371639701021027,22
371639701021031,22
371639701021025,22
371639701021014,22
371639701011030,22
371639701011036,22
371639701011012,22
371639701011013,22
371639701011031,22
371639701011015,22
371639701011074,22
371639701011057,22
371639701011072,22
371639701011056,22
371639701011078,22
371639701011048,22
371639701011058,22
371639701011045,22
371639701011044,22
371639701011034,22
371639701011043,22
371639701011041,22
371639701011035,22
371639701011042,22
371639701011037,22
371639701011050,22
371639701011086,22
371639701011049,22
371639701011040,22
371639701011038,22
371639701011039,22
371639707024011,22
371910003022035,21
371910003022022,21
371910003022036,21
371910003022023,21
371910003022024,21
371910003022037,21
371910003022032,21
371910003022021,21
371910003022020,21
371910003022013,21
371910011031016,21
371910011033001,21
371910011033002,21
371910011033003,21
371910011033000,21
371910011032009,21
371910011041017,21
371910011041029,21
371910011032007,21
371910011032005,21
371910011032010,21
371910011032004,21
371910011032017,21
371910011032008,21
371910011041011,21
371910011041012,21
371910011041010,21
371910011032006,21
371910011041006,21
371910011041008,21
371910011041007,21
371910011041009,21
371910011042020,21
371910011042014,21
371910011042011,21
371910011042010,21
371910011042021,21
371910011042013,21
371910011041013,21
371910011042022,21
371910011041014,21
371910011042023,21
371910011042025,21
371639707022000,22
371639707021000,22
371639707022001,22
371639701024020,22
371639701024003,22
371639701023022,22
371639701023020,22
371639701023018,22
371639701022044,22
371639701024002,22
371639701024022,22
371639701024023,22
371639701024021,22
371639701024017,22
371639701024016,22
371639701024001,22
371639701024000,22
371639701021006,22
371639710011018,22
371639710011049,22
371639710011005,22
371639710011004,22
371639710011020,22
371639710011021,22
371639708023015,22
371639710011008,22
371639710011007,22
371639710011003,22
371639710011013,22
371639710011012,22
371639710011015,22
371639710011002,22
371639710011006,22
371639701011084,22
371639701011085,22
371639701011083,22
371639701011079,22
371639708023013,22
371639708023014,22
371639708023001,22
371639708023000,22
371639707024047,22
371639707024046,22
371639701011062,22
371639701011066,22
371639701011068,22
371639701011067,22
371639701011025,22
371639701024009,22
371639701024010,22
371639701024008,22
371639701023025,22
371639706001000,22
371639701024007,22
371639707022003,22
371639701024024,22
371639701024005,22
371639701023026,22
371639701023027,22
371639701024004,22
371639701024006,22
371639701023028,22
371639701023024,22
371639701023023,22
371639707023006,22
371639707023005,22
371639707023002,22
371639707023001,22
371639707023000,22
371639707024042,22
371639707024035,22
371639707012015,22
371639707012014,22
371639707011027,22
371639707011024,22
371639707011026,22
371639707011025,22
371639707011004,22
371639707011002,22
371639707024034,22
371639707024036,22
371639707024032,22
371639707024033,22
371639707024019,22
371639707024031,22
371639707024024,22
371639707024021,22
371639707011029,22
371910011022012,21
371910011042032,21
371910011042043,21
371910011042041,21
371910011042040,21
371910011023013,21
371910011022013,21
371910011022015,21
371910011022011,21
371910011042037,21
371910011042001,21
371910011042039,21
371910011042038,21
371910011042009,21
371910011042005,21
371910011042012,21
371910001042013,21
371910001042014,21
371910001041016,21
371910001042015,21
371910001042016,21
371910001042010,21
371910001041015,21
371910001041017,21
371910011042004,21
371910001042026,21
371910001042012,21
371910001042011,21
371910001042008,21
371910001042009,21
371910001041014,21
371910001041013,21
371910001041012,21
371910001041007,21
371910001041008,21
371910001032054,21
371910001032042,21
371910001032041,21
371910001041004,21
371910001032043,21
371910001043032,21
371910001043031,21
371910001043025,21
371910001043024,21
371910001043026,21
371910001043027,21
371910001021005,21
371910001043035,21
371910001043034,21
371910001043033,21
371910001043018,21
371910001043007,21
371910001043017,21
371910001031058,21
371910001032040,21
371910001032038,21
371910001032044,21
371910001032039,21
371910001032033,21
371910001032045,21
371910001032034,21
371910001032031,21
371910001032032,21
371910001032026,21
371910001032035,21
371910001032046,21
371910001032029,21
371910001032030,21
371910001032025,21
371910001032055,21
371910001032027,21
371910001032028,21
371910001032037,21
371639710011033,22
371639710011034,22
371639710011032,22
371639710011036,22
371639710011011,22
371639710011035,22
371639708021029,22
371639708021010,22
371639708021030,22
371639708022016,22
371639708021026,22
371639708021025,22
371639710012010,22
371639710012009,22
371639710012012,22
371639710012008,22
371639708022018,22
371639708022017,22
371639708022012,22
371639708022015,22
371639708021027,22
371639708021024,22
371639708022013,22
371639708022014,22
371639708022011,22
371639710021011,22
371639710011051,22
371639710011047,22
371639710011046,22
371639710011038,22
371639710011048,22
371639710011037,22
371639710011017,22
371639710011045,22
371639710011026,22
371639710011027,22
371639710011039,22
371639710011016,22
371639710011052,22
371639710011044,22
371639710011043,22
371639710011040,22
371639710011028,22
371639710011030,22
371639710011031,22
371639710011029,22
371639710011014,22
371639710011010,22
371639710011050,22
371639710011042,22
371639710011041,22
371639710021081,22
371639710021077,22
371639710021062,22
371639710021063,22
371639710021057,22
371639710021048,22
371639710021044,22
371639710021045,22
371639710021054,22
371639710021047,22
371639710021046,22
371639710021058,22
371639710021055,22
371639710021061,22
371639710021064,22
371639710021065,22
371639710021059,22
371639710021060,22
371639710021066,22
371639710021071,22
371639710021070,22
371639710021069,22
371639710021023,22
371639710021015,22
371639710021024,22
371639710021016,22
371639710021004,22
371639710021003,22
371639710021005,22
371639710021002,22
371639710021014,22
371639710021001,22
371639710021025,22
371639710021031,22
371639710021012,22
371639710021026,22
371639710021013,22
371639710021036,22
371639710021035,22
371639710021033,22
371639710021032,22
371639710021034,22
371639710021000,22
371639705021010,22
371639705021013,22
371639702022030,22
371639702022031,22
371639705021018,22
371639705021002,22
371639705021001,22
371639705021017,22
371639705021003,22
371639705021004,22
371639705021009,22
371639705021005,22
371639705021006,22
371639705021000,22
371639702022025,22
371639702022019,22
371639702022014,22
371639702022020,22
371639705021007,22
371639705021008,22
371639702022024,22
371639702022029,22
371639702022026,22
371639702022028,22
371639702022027,22
371639702024023,22
371639702022023,22
371639702024022,22
371639702022021,22
371639702024015,22
371639702024021,22
371639702024016,22
371639702022022,22
371639702024014,22
371639702022015,22
371639702022005,22
371639705022004,22
371639702022016,22
371639702022009,22
371639702022018,22
371639702022010,22
371639705022005,22
371639705022006,22
371639705022001,22
371639705021020,22
371639705022020,22
371639705022000,22
371639705022021,22
371639702022017,22
371639702022011,22
371639702022012,22
371639705021046,22
371639705021026,22
371639705021027,22
371639705021024,22
371639705021049,22
371639705021048,22
371639705021047,22
371639705021038,22
371639705021028,22
371639705021029,22
371639705021019,22
371639705021023,22
371639705021016,22
371639705021037,22
371639705021039,22
371639705021040,22
371639705021030,22
371639705021032,22
371639705021033,22
371639705021041,22
371639705021031,22
371639705021034,22
371639705021022,22
371639705021015,22
371639705021014,22
371639705021021,22
371639705021011,22
371639705021012,22
371639703021033,22
371639702022003,22
371639703021037,22
371639703021036,22
371639703021021,22
371639703021022,22
371639703021032,22
371639703021031,22
371639702022004,22
371639703021038,22
371639702022006,22
371639702022002,22
371639703021030,22
371639703021029,22
371639703021023,22
371639703021024,22
371639703021005,22
371639703021001,22
371639703021004,22
371639703021006,22
371639703021000,22
371639702022007,22
371639702022000,22
371639703021028,22
371639703021027,22
371639703021025,22
371639703021026,22
371639702022008,22
371639702022001,22
371639702021055,22
371639702024009,22
371639702024019,22
371639702021052,22
371639702021051,22
371639702021034,22
371639702021035,22
371639702021053,22
371639702021054,22
371639702024011,22
371639702024010,22
371639702024008,22
371639702021042,22
371639703042024,22
371639702021033,22
371639702021032,22
371639703041036,22
371639703041030,22
371639702021036,22
371639702021031,22
371639702021030,22
371639702021010,22
371639702021004,22
371639702021009,22
371639702021003,22
371639702022013,22
371639702024018,22
371639702024017,22
371639702024006,22
371639702024007,22
371639702021041,22
371639702024005,22
371639702021048,22
371639702021040,22
371639702024020,22
371639702024012,22
371639704021003,22
371639703023025,22
371639704021002,22
371639704021001,22
371639703023019,22
371639704021007,22
371639705022027,22
371639705011036,22
371639705011035,22
371639705011016,22
371639704021000,22
371639705022026,22
371639705011000,22
371639705022025,22
371639705022015,22
371639703023018,22
371639703023015,22
371639703023016,22
371639703023017,22
371639703023006,22
371639703023020,22
371639703023021,22
371639703023002,22
371639703022039,22
371639703023007,22
371639703023008,22
371639703023001,22
371639703022016,22
371639703023026,22
371639703023027,22
371639703023022,22
371639703023023,22
371639703023009,22
371639705022012,22
371639705022011,22
371639703023000,22
371639703022021,22
371639705022010,22
371639703022022,22
371639709001015,22
371639709001016,22
371910006043031,21
371910006043008,21
371910006043021,21
371910006043026,21
371910006043025,21
371910006043013,21
371910006043029,21
371910006043027,21
371910006043028,21
371910006043009,21
371910006043010,21
371910006043020,21
371910006043022,21
371910006043017,21
371910006043019,21
371910006043018,21
371910006043023,21
371910006043016,21
371910004013020,21
371910006043024,21
371910006043012,21
371910006043011,21
371910004013023,21
371910004013022,21
371910004013017,21
371910006043014,21
371910004013021,21
371910006043015,21
371910004013018,21
371910004013019,21
371910004013024,21
371910004013016,21
371639702011063,22
371639702011054,22
371639702011051,22
371639702011044,22
371639702011052,22
371639702011031,22
371639702011033,22
371639702011053,22
371639702011034,22
371639702023012,22
371639702023015,22
371639701023019,22
371639701023014,22
371639701023017,22
371639701023007,22
371639701023016,22
371639701023015,22
371639701022035,22
371639701022018,22
371639701022034,22
371639701022019,22
371639701022043,22
371639701022041,22
371639701022042,22
371639701022014,22
371639701022016,22
371639702023035,22
371639702023034,22
371639701022015,22
371639701022013,22
371639702023018,22
371639702023019,22
371639702023016,22
371639702023007,22
371639702023013,22
371639702023008,22
371639701022012,22
371639701022011,22
371639702023021,22
371639702023014,22
371639702023011,22
371910010002025,22
371639702023020,22
371910010002036,22
371910011042017,21
371910011042008,21
371910011042007,21
371910011042006,21
371910011041025,21
371910011041028,21
371910011041020,21
371910011041021,21
371910011033005,21
371910011041019,21
371910011033004,21
371910011041024,21
371910011041023,21
371910011041005,21
371910011041000,21
371910011041022,21
371910011041018,21
371910011041002,21
371910011041004,21
371910011041003,21
371910011041001,21
371910011042018,21
371910011042016,21
371910011042015,21
371910011042019,21
371639701011069,22
371639701011077,22
371639701011070,22
371639701011075,22
371639701011076,22
371639701011071,22
371639701011061,22
371639701011063,22
371639701011064,22
371639701011026,22
371639701011060,22
371639701011059,22
371639701011051,22
371639701011065,22
371639701011027,22
371639701011052,22
371639701011032,22
371639701011053,22
371639701011055,22
371639701011054,22
371639701011047,22
371639701011046,22
371639701011028,22
371639701011033,22
371639710011009,22
371639710011000,22
371639701011082,22
371639701011080,22
371639701011073,22
371639710011001,22
371639701011081,22
371910010003013,22
371639701021005,22
371639701022033,22
371639701021010,22
371639701022032,22
371639701022020,22
371639701022021,22
371639701022027,22
371639701021004,22
371639701021003,22
371639701022037,22
371639701022036,22
371639701022030,22
371639701021002,22
371639701022029,22
371639701022025,22
371639701022022,22
371639701022026,22
371639701022028,22
371639701022023,22
371639701022010,22
371639701022009,22
371639702023022,22
371639701022002,22
371910010002035,22
371639701022008,22
371639701022003,22
371910010002034,22
371910010002021,22
371910010002029,22
371910010002020,22
371639701022007,22
371639701022001,22
371910010002033,22
371639701022006,22
371910010002030,22
371910010002028,22
371910010002027,22
371910010002018,22
371639701021016,22
371639701021000,22
371639701021001,22
371639701022038,22
371639701022039,22
371639701022040,22
371639701022031,22
371639701022024,22
371639701022005,22
371910010002038,22
371910008002066,22
371910008002067,22
371639701022000,22
371910010003005,22
371910010003002,22
371910010002000,22
371910010003023,22
371910010003007,22
371910010001013,22
371910010001007,22
371910010001014,22
371910010001008,22
371910010001006,22
371910010001004,22
371910010001010,22
371910010001009,22
371910010001002,22
371910010001005,22
371910010003001,22
371910010003006,22
371910010003000,22
371910010001003,22
371910010001000,22
371910010001001,22
371910009011038,21
371910011031019,21
371910011031023,21
371910009011036,21
371910011031017,21
371910011031021,21
371910006041020,21
371910006041022,21
371910006041023,21
371910006041004,21
371910006041007,21
371910006041021,21
371910006041008,21
371910006041009,21
371910006041012,21
371910006041019,21
371910006041013,21
371910006041010,21
371910006041014,21
371910006041015,21
371910006041018,21
371910006041016,21
371910006041017,21
371910006042004,22
371910006041003,21
371910006042009,21
371910006042002,21
371910006041002,21
371910006041001,21
371910006041000,21
371910006042008,21
371910006042000,21
371910006043036,21
371910006042001,21
371910006032004,21
371910006043006,21
371910006043004,21
371910006043041,21
371910006043005,21
371910006041011,21
371639704022008,22
371639704021024,22
371639704022006,22
371639704021025,22
371639704021022,22
371639704022042,22
371639704022005,22
371639704021026,22
371639704021021,22
371639705011062,22
371639705011061,22
371639705023014,22
371639705023016,22
371639705023015,22
371639705023013,22
371639704022001,22
371639704022003,22
371639704022004,22
371639704022002,22
371639705023018,22
371639705023020,22
371639705023019,22
371639705023017,22
371639709002001,22
371639709001026,22
371639709001027,22
371639709001039,22
371639709001033,22
371639709001028,22
371639709001023,22
371639709001008,22
371639709001024,22
371639709001009,22
371639709001035,22
371639709001036,22
371639709001029,22
371639709001005,22
371639709001003,22
371639709001030,22
371639709001031,22
371639709001032,22
371639708021028,22
371639709001007,22
371639709001006,22
371639704022000,22
371639705023026,22
371639709001002,22
371639705023007,22
371639710012016,22
371639710012005,22
371639710012059,22
371639710012004,22
371639710012003,22
371639708022009,22
371639708022006,22
371639710012019,22
371639710012002,22
371639710011024,22
371639710011023,22
371639710011022,22
371639710012000,22
371639710011019,22
371639710012001,22
371639708022007,22
371639708022008,22
371639708023016,22
371639708022003,22
371639708022005,22
371639708022004,22
371639708022002,22
371639708022001,22
371639708022000,22
371639708023008,22
371639708023019,22
371639708021020,22
371639708012027,22
371639708012036,22
371639708012029,22
371639708012000,22
371639708012028,22
371639707023025,22
371639707023020,22
371639707023019,22
371639707023021,22
371639707023022,22
371639707023018,22
371639707023016,22
371639707023015,22
371639707023004,22
371639707023017,22
371639707023023,22
371639707023024,22
371639708012037,22
371639708023006,22
371639708021009,22
371639705023022,22
371639708021011,22
371639708021012,22
371639708021002,22
371639708021004,22
371639708021005,22
371639708021003,22
371639708021006,22
371639708021007,22
371639708021008,22
371639706002032,22
371639708021013,22
371639708021014,22
371639708021015,22
371639708012015,22
371639708021001,22
371639706002035,22
371639706002034,22
371639706002016,22
371639708021016,22
371639708012012,22
371639708012014,22
371639708012013,22
371639708021000,22
371639708012011,22
371639706002014,22
371639708021022,22
371639708021023,22
371639708021018,22
371639708012018,22
371639708012016,22
371639708021017,22
371639708021021,22
371639708012035,22
371639708012010,22
371639708012009,22
371639706002040,22
371639706002037,22
371639706002038,22
371639706002036,22
371639706002025,22
371639708012017,22
371639709002005,22
371639709002002,22
371639709002003,22
371639709003046,22
371639710031008,22
371639710031007,22
371639710021021,22
371639710031042,22
371639710031009,22
371639710031040,22
371639710031010,22
371639710031006,22
371639710031005,22
371639710031004,22
371639710021022,22
371639709003037,22
371639709003013,22
371639709003012,22
371639709003006,22
371639709003003,22
371639709003001,22
371639709003007,22
371639709003008,22
371639709003002,22
371639709003038,22
371639709003042,22
371639709003045,22
371639709003009,22
371639709003039,22
371639709003040,22
371639709003010,22
371639710021010,22
371639709003000,22
371639709002013,22
371639709002012,22
371639710012058,22
371639710012032,22
371639710012033,22
371639709001041,22
371639709001037,22
371639710012028,22
371639710012029,22
371639710012011,22
371639710012057,22
371639710012049,22
371639710012034,22
371639710012035,22
371639710012036,22
371639710012062,22
371639710012050,22
371639710012048,22
371639710012037,22
371639710012038,22
371639710012025,22
371639705023025,22
371639705023008,22
371639705023010,22
371639705023009,22
371639705021051,22
371639705023024,22
371639705023006,22
371639705021050,22
371639705021053,22
371639709001004,22
371639709001001,22
371639705023028,22
371639705023023,22
371639709001000,22
371639705023027,22
371639705023021,22
371639705023005,22
371639705023029,22
371639705023004,22
371639705021052,22
371639705023002,22
371639705023000,22
371639705023003,22
371639705023030,22
371639705021043,22
371639705023001,22
371639705021044,22
371639705011039,22
371639705011059,22
371639705011040,22
371639705011033,22
371639705011041,22
371639705011060,22
371639705011042,22
371639705011043,22
371639705011044,22
371639705011045,22
371639705011052,22
371639705011057,22
371639705011058,22
371639705011056,22
371639705011054,22
371639705011055,22
371639705011017,22
371639705011046,22
371639705011028,22
371639705011034,22
371639705011022,22
371639705011023,22
371639705011030,22
371639705011018,22
371639705011019,22
371639705011020,22
371639705011021,22
371639705011015,22
371639705011024,22
371639709002032,22
371639709003034,22
371639709003030,22
371639709003033,22
371639709003018,22
371639709002040,22
371639709003031,22
371639709003017,22
371639709003032,22
371639709003016,22
371639709002041,22
371639709002030,22
371639709002031,22
371639709002029,22
371639709002028,22
371639709002074,22
371639709002044,22
371639709002043,22
371639709002042,22
371639709002037,22
371639709002024,22
371639709002039,22
371639709002038,22
371639709002076,22
371639709002035,22
371639709002034,22
371639709002036,22
371639709002033,22
371639709002027,22
371639709002022,22
371639709002026,22
371639709003015,22
371639709003005,22
371639709003004,22
371639709002025,22
371639709002010,22
371639709002004,22
371639709002006,22
371639709002007,22
371639709001040,22
371639709002009,22
371639709002018,22
371639709002016,22
371639709002015,22
371639709002011,22
371639709002020,22
371639709002014,22
371639709002008,22
371639709001038,22
371639706002001,22
371639706002002,22
371639706002003,22
371639705021036,22
371639702022032,22
371639702024026,22
371639702024024,22
371639702024025,22
371639705021045,22
371639706001011,22
371639706002000,22
371639706001006,22
371639706001010,22
371639706001009,22
371639706001003,22
371639706002015,22
371639706002017,22
371639706002039,22
371639706002022,22
371639706002020,22
371639706002021,22
371639706002023,22
371639706002024,22
371639706002027,22
371639706002030,22
371639706002029,22
371639706002004,22
371639706002026,22
371639706003031,22
371639706003030,22
371639706003000,22
371639706002028,22
371639706002006,22
371639706001044,22
371639706001043,22
371639706001049,22
371639706002031,22
371639706003028,22
371639706003014,22
371639706003009,22
371639709001014,22
371639709002000,22
371639709001034,22
371639709001021,22
371639709001025,22
371639709001019,22
371639709001020,22
371639709001013,22
371639709001022,22
371639709001012,22
371639709001011,22
371639709001010,22
371639704022043,22
371639704022036,22
371639704022037,22
371639704022019,22
371639704022020,22
371639704022035,22
371639704022033,22
371639704022032,22
371639704022034,22
371639704022022,22
371639704022015,22
371639704023031,22
371639704022014,22
371639704022021,22
371639704022013,22
371639704023026,22
371639704023032,22
371639704023027,22
371639704023028,22
371639704022012,22
371639704022011,22
371639704023033,22
371639704021040,22
371639704021043,22
371639704021039,22
371639704022038,22
371639704022031,22
371639704022029,22
371639704022028,22
371639704022023,22
371639704022039,22
371639704022030,22
371639704022040,22
371639704022027,22
371639704022026,22
371639704021038,22
371639704022010,22
371639704022024,22
371639704021037,22
371639704023030,22
371639704023029,22
371639704021041,22
371639704021034,22
371639704021033,22
371639704021027,22
371639704021036,22
371639704021035,22
371639704021023,22
371639704022041,22
371639704022025,22
371639704022007,22
371639704022009,22
371639709002058,22
371639709002060,22
371639709002080,22
371639709002061,22
371639709003021,22
371639709002057,22
371639709002056,22
371639709002062,22
371639709002054,22
371639709002055,22
371639709002070,22
371639709002069,22
371639709002017,22
371639709002050,22
371639709002053,22
371639709002051,22
371639709002049,22
371639709002052,22
371639709002048,22
371639709002071,22
371639709002059,22
371639709002047,22
371639709002046,22
371639709002021,22
371639709002045,22
371639709002019,22
371639709002023,22
371639709003036,22
371639709003025,22
371639709003048,22
371639709003020,22
371639709003022,22
371639709003023,22
371639709003019,22
371639709003041,22
371639709003024,22
371639709003014,22
371639709002063,22
371639709003026,22
371639709002064,22
371639709003035,22
371639709003027,22
371639709003028,22
371639709003029,22
371639709002065,22
371639709002079,22
371639709002066,22
371639709002067,22
371639709002068,22
371639709002073,22
371639709002072,22
371639709002078,22
371639709002077,22
371639709002075,22
371639704011040,22
371639704023047,22
371639709001018,22
371639709001017,22
371639704011038,22
371639704011037,22
371639704011000,22
371639704021011,22
371639704012021,22
371639704021010,22
371639704021009,22
371639704023007,22
371639704021012,22
371639704021008,22
371639704023006,22
371639704023046,22
371639704023041,22
371639704023040,22
371639704023045,22
371639704023042,22
371639704023043,22
371639704023044,22
371639704023049,22
371639704022044,22
371639704023039,22
371639704021032,22
371639704023013,22
371639704023014,22
371639704023017,22
371639704023019,22
371639704023012,22
371639704023010,22
371639704023004,22
371639704021031,22
371639704023048,22
371639704023016,22
371639704023015,22
371639704023018,22
371639704023020,22
371639704022018,22
371639704023022,22
371639704023021,22
371639704022017,22
371639704023023,22
371639704023038,22
371639704023024,22
371639704023037,22
371639704022016,22
371639704023036,22
371639704023034,22
371639704023035,22
371639704023011,22
371639705011014,22
371639705011047,22
371639705011027,22
371639705011029,22
371639705011032,22
371639705011031,22
371639705011026,22
371639705011010,22
371639705011009,22
371639705011008,22
371639705011063,22
371639705011048,22
371639705011006,22
371639705011007,22
371639705011025,22
371639705011013,22
371639705011012,22
371639705011002,22
371639705011011,22
371639705011053,22
371639705011050,22
371639705011004,22
371639705011049,22
371639705011005,22
371639705011001,22
371639705022023,22
371639705011003,22
371639705022024,22
371639705022016,22
371639705022022,22
371639705011051,22
371639705023012,22
371639705023011,22
371639705022031,22
371639705022032,22
371639705022030,22
371639705022017,22
371639705022028,22
371639705021025,22
371639705022029,22
371639705022033,22
371639705022018,22
371639705022019,22
371639705022014,22
371639705022013,22
371639705022009,22
371639705022008,22
371639705022007,22
371639705022002,22
371639705022003,22
371639707024025,22
371639707011020,22
371639707011019,22
371639707011017,22
371639707011016,22
371639707011001,22
371639707011018,22
371639707011006,22
371639707011013,22
371639707011008,22
371639707011003,22
371639707011000,22
371639707011005,22
371639707011007,22
371639707021013,22
371639707021014,22
371639707024022,22
371639707024017,22
371639707024016,22
371639707021008,22
371639707024026,22
371639707022016,22
371639707022015,22
371639707021012,22
371639707022005,22
371639707022007,22
371639707022004,22
371639707021011,22
371639707021010,22
371639707021009,22
371639707021001,22
371639707024008,22
371639707024009,22
371639707024006,22
371639707021007,22
371639707024005,22
371639707024010,22
371639707024007,22
371639707021015,22
371639707021002,22
371639707021003,22
371639707024004,22
371639707021004,22
371639707021005,22
371639707022002,22
371639701024025,22
371639707024041,22
371639707024043,22
371639707024045,22
371639707024044,22
371639707024020,22
371639708023011,22
371639708023009,22
371639708023005,22
371639707024040,22
371639708023010,22
371639708023004,22
371639707024039,22
371639708023003,22
371639707024038,22
371639707024023,22
371639707024018,22
371639708023017,22
371639708023018,22
371639708023012,22
371639707024037,22
371639708023007,22
371639707024029,22
371639707024030,22
371639707024015,22
371639708023002,22
371639707024028,22
371639707024027,22
371639705021042,22
371639706002009,22
371639705021035,22
371639706002033,22
371639706002012,22
371639706002011,22
371639706002013,22
371639706002018,22
371639706002010,22
371639708012019,22
371639708012008,22
371639706002019,22
371639708012006,22
371639708011010,22
371639708011007,22
371639708011006,22
371639708021019,22
371639708012033,22
371639708012031,22
371639708012030,22
371639708012034,22
371639708012020,22
371639708012021,22
371639708012022,22
371639708012005,22
371639708012023,22
371639708012004,22
371639708012007,22
371639708011008,22
371639708011009,22
371639708011012,22
371639708011015,22
371639708011011,22
371639708011013,22
371639708011016,22
371639708011014,22
371639708011017,22
371639708011018,22
371639708012032,22
371639708012025,22
371639708012024,22
371639708012026,22
371639708012003,22
371639708012002,22
371639708012001,22
371639708011027,22
371639708011029,22
371639708011030,22
371639708011028,22
371639708011023,22
371639708011024,22
371639708011019,22
371639708011025,22
371639708011022,22
371639708011021,22
371639707023011,22
371639708011032,22
371639708011031,22
371639708011035,22
371639708011033,22
371639708011034,22
371639708011026,22
371639707023014,22
371639707023012,22
371639707023013,22
371639710012007,22
371639710012006,22
371639708022010,22
371639706003034,22
371639708011002,22
371639708011001,22
371639706004024,22
371639706004022,22
371639706004021,22
371639706004015,22
371639706004016,22
371639706004011,22
371639706004006,22
371639706004009,22
371639706001035,22
371639706001036,22
371639706004004,22
371639706004003,22
371639706004002,22
371639706004000,22
371639706004001,22
371639708011000,22
371639708011020,22
371639706004020,22
371639706004019,22
371639706004023,22
371639707023010,22
371639707023009,22
371639706004018,22
371639706004017,22
371639707012019,22
371639707023008,22
371639707023003,22
371639707023007,22
371639707012020,22
371639707012021,22
371639707012006,22
371639707012016,22
371639707012018,22
371639707012007,22
371639707012008,22
371639707012003,22
371639707012009,22
371639707012004,22
371639707012005,22
371639707012017,22
371639707012011,22
371639707012013,22
371639707012012,22
371639707012010,22
371639707011021,22
371639707011028,22
371639706001050,22
371639706001038,22
371639706001039,22
371639706001022,22
371639706001032,22
371639706001023,22
371639706001026,22
371639706001034,22
371639707012000,22
371639706003002,22
371639706003007,22
371639706003003,22
371639706003004,22
371639706003026,22
371639706003025,22
371639706003010,22
371639706003006,22
371639706003029,22
371639706003008,22
371639706003012,22
371639706003022,22
371639706003020,22
371639706003021,22
371639706003015,22
371639706003001,22
371639706003005,22
371639706003011,22
371639706003023,22
371639706003024,22
371639706004013,22
371639706004012,22
371639706003013,22
371639706004010,22
371639706004008,22
371639706004005,22
371639706002005,22
371639706002008,22
371639706002007,22
371639706001046,22
371639706001048,22
371639706001045,22
371639706001047,22
371639706001012,22
371639706001014,22
371639706001042,22
371639706001041,22
371639706001040,22
371639706001037,22
371639706001013,22
371639706001015,22
371639706001016,22
371639706001017,22
371639706001021,22
371639708011005,22
371639706003018,22
371639708011004,22
371639706003032,22
371639706003027,22
371639706003019,22
371639706003017,22
371639706003016,22
371639706004014,22
371639706004007,22
371639708011003,22
371639706003033,22
371639707012001,22
371639706001033,22
371639706001031,22
371639707022022,22
371639706001030,22
371639707022021,22
371639706001027,22
371639706001028,22
371639706001025,22
371639706001019,22
371639706001029,22
371639706001024,22
371639707022018,22
371639707022017,22
371639707022011,22
371639707012002,22
371639707011010,22
371639707011023,22
371639707011012,22
371639707022020,22
371639707011022,22
371639707011011,22
371639707011015,22
371639707011009,22
371639707011014,22
371639707022019,22
371639706001002,22
371639706001001,22
371639706001008,22
371639706001007,22
371639706001004,22
371639706001018,22
371639706001020,22
371639707022009,22
371639707022014,22
371639707022010,22
371639707022008,22
371639707022012,22
371639707022013,22
371639706001005,22
371639707022006,22
371639701024015,22
371639701024014,22
371910011041026,21
371910011031018,21
371910011033007,21
371910011033006,21
371910011041027,21
371639702023000,22
371639702023010,22
371910010002008,22
371910010002007,22
371910010003021,22
371910010003016,22
371910010002026,22
371910010002009,22
371910010002006,22
371910010003022,22
371910010003020,22
371910010002023,22
371910010002010,22
371910010002011,22
371910010002005,22
371910010002004,22
371910010003015,22
371910010003014,22
371910010003019,22
371910010002024,22
371910010002022,22
371639702011007,22
371639702011008,22
371639702011005,22
371639702011006,22
371639702011004,22
371639702011009,22
371639702011001,22
371639702011002,22
371639702011032,22
371639702011003,22
371639702023009,22
371639702023006,22
371639702011000,22
371639702023004,22
371639702023003,22
371639702023005,22
371639702023002,22
371639702023001,22
371639702021025,22
371639702021024,22
371639702011068,22
371639702023026,22
371639702011067,22
371639702021017,22
371639702011016,22
371639702011022,22
371639702011024,22
371639702011023,22
371639702011059,22
371639702011017,22
371639702011015,22
371639702011014,22
371639702011012,22
371639702011025,22
371639702011026,22
371639702011027,22
371639702011060,22
371639702011061,22
371639702011058,22
371639702011055,22
371639702011057,22
371639702011037,22
371639702011066,22
371639702011062,22
371639702011056,22
371639702011069,22
371639702011050,22
371639702011028,22
371639702011036,22
371639702011035,22
371639702011029,22
371639702011010,22
371639702011038,22
371639702011039,22
371639702011046,22
371639702011040,22
371639702011045,22
371639702011048,22
371639702011041,22
371639702011049,22
371639702011047,22
371639702011042,22
371639702011043,22
371639702011030,22
371639702011011,22
371639702023038,22
371639702023037,22
371639702023028,22
371639702023027,22
371639702011065,22
371639702011064,22
371639702023025,22
371639702023024,22
371639702023042,22
371639702023030,22
371639702023031,22
371639702023029,22
371639702023036,22
371639702023032,22
371639702023023,22
371639702023033,22
371639702023017,22
371639702024013,22
371639702024004,22
371639702021050,22
371639702021049,22
371639702021038,22
371639702024003,22
371639702024002,22
371639702021056,22
371639702021043,22
371639702021044,22
371639702021045,22
371639702021037,22
371639702021029,22
371639702021020,22
371639702021039,22
371639702021028,22
371639702021019,22
371639702021011,22
371639702021005,22
371639702021002,22
371639702021012,22
371639702021014,22
371639702021015,22
371639702021006,22
371639702021008,22
371639702021007,22
371639702021001,22
371639702021000,22
371639702021027,22
371639702021026,22
371639702021018,22
371639702021021,22
371639702021022,22
371639702021023,22
371639702021013,22
371639702021057,22
371639702021058,22
371639702011020,22
371639702011019,22
371639702021016,22
371639702011021,22
371639702011018,22
371639702011013,22
371639703041021,22
371639703041022,22
371639703041017,22
371639703042005,22
371639703042006,22
371639703041028,22
371639703041015,22
371639703041016,22
371639703041027,22
371639703041026,22
371639703041025,22
371639703041018,22
371639703041013,22
371639703041019,22
371639703041014,22
371639703041005,22
371639703041024,22
371639703041020,22
371639703041012,22
371639703041023,22
371639703041011,22
371639703041010,22
371639703041004,22
371639703041006,22
371639703041003,22
371639703041002,22
371639703041000,22
371639703041001,22
371639703042000,22
371639703041009,22
371639703041008,22
371639703041007,22
371910001042027,21
371910001042007,21
371910001042017,21
371910001042006,21
371910001042005,21
371910001042004,21
371910001042003,21
371910001041010,21
371910001041009,21
371910001041003,21
371910001041011,21
371910001041002,21
371910011031000,21
371910011021017,21
371910011021012,21
371910011021016,21
371910011021009,21
371910011023002,21
371910011023003,21
371910011022018,21
371910011022016,21
371910011022020,21
371910011021014,21
371910011023012,21
371910011021013,21
371910011021015,21
371910011021000,21
371910011023011,21
371910011022019,21
371910011022014,21
371910011021018,21
371910011021031,21
371910011021030,21
371910011021028,21
371910011021027,21
371910011021029,21
371910011021019,21
371910011021021,21
371910011021033,21
371910011021020,21
371910011021022,21
371910020001074,22
371910011021023,21
371910011021025,21
371910011022031,21
371910004014000,21
371910004011003,21
371910004012016,21
371910004012002,21
371910004012000,21
371910004012003,21
371910004011006,21
371910004012001,21
371910004021001,21
371910003023027,21
371910013013008,21
371910013013015,21
371910003023028,21
371910003023022,21
371910013013004,21
371910013013017,21
371910013012025,21
371910013013016,21
371910013013006,21
371910013013003,21
371910013013002,21
371910013013005,21
371910013013001,21
371910013011033,21
371910003023023,21
371910003023024,21
371910013011032,21
371910013013000,21
371910004021000,21
371910004011005,21
371910003022039,21
371910003023013,21
371910003023020,21
371910003023002,21
371910003023018,21
371910003023034,21
371910003023001,21
371910003023015,21
371910003023033,21
371910003023029,21
371910003023030,21
371910003023004,21
371910003023017,21
371910003023031,21
371910003023025,21
371910003023032,21
371910003021044,21
371910003021043,21
371910003021030,21
371910003023019,21
371910003023007,21
371910003023010,21
371910003023014,21
371910003023012,21
371910003023005,21
371910003023011,21
371910003023035,21
371910003023008,21
371910003023016,21
371910003023021,21
371910003023006,21
371910003021028,21
371910003021031,21
371910003021026,21
371910003021027,21
371910003023000,21
371910003021029,21
371910004011000,21
371910004011002,21
371910004011008,21
371910003022038,21
371910003022045,21
371910003022044,21
371910003023003,21
371910003023009,21
371910003021021,21
371910003021020,21
371910003021039,21
371910003021040,21
371910003021037,21
371910003021042,21
371910003021036,21
371910003021041,21
371910003021038,21
371910003022043,21
371910003022025,21
371910003022028,21
371910003022026,21
371910003022016,21
371910003022027,21
371910004014026,21
371910004014016,21
371910004014015,21
371910004014028,21
371910004014003,21
371910004014002,21
371910004014037,21
371910004014005,21
371910004014008,21
371910004014006,21
371910004014007,21
371910004011004,21
371910004011001,21
371910004022010,21
371910004022009,21
371910004021033,21
371910004021029,21
371910004022006,21
371910004022005,21
371910004022008,21
371910004022004,21
371910004022011,21
371910004022003,21
371910004012015,21
371910004022007,21
371910004022000,21
371910004022001,21
371910004012011,21
371910004021011,21
371910004012012,21
371910004012009,21
371910004021012,21
371910004012010,21
371910004022002,21
371910004012006,21
371910004012005,21
371910004012013,21
371910004012014,21
371910004012004,21
371910004012008,21
371910004012007,21
371910009013009,21
371910009013004,22
371910009013005,22
371910006011002,22
371910009013002,22
371910006011001,22
371910009013008,21
371910009013007,21
371910009013003,22
371910009011005,21
371910009013000,21
371910009011045,21
371910009011006,21
371910009011004,21
371910009011003,21
371910009011000,21
371910009013001,22
371910020001123,22
371910020001088,22
371910020001115,22
371910020001121,22
371910011031003,21
371910011031006,21
371910009011001,21
371910011031013,21
371910011031009,21
371910011031007,21
371910011031008,21
371910011021032,21
371910011031010,21
371910011021026,21
371910006011013,22
371910006011000,22
371910015002035,22
371910015002033,22
371910020001114,22
371910020001120,22
371910020001119,22
371910020001113,22
371910020001122,22
371910015002030,22
371910020001118,22
371910015002032,22
371910015002034,22
371910018002048,21
371910018002057,21
371910019003044,21
371910019003043,21
371910019003042,21
371910019003041,21
371910019003010,21
371910018002058,21
371910019003009,21
371910019003008,21
371910018002030,21
371910019003003,21
371910014011041,22
371910014011038,22
371910014011042,21
371910014011026,22
371910014011027,22
371910014011024,21
371910014011037,21
371910014011036,21
371910014011028,21
371910014011023,21
371910014011025,21
371910014011011,21
371910014012000,21
371910014011010,21
371910014011012,21
371910014011013,21
371910014011009,21
371910014011029,21
371910014011035,21
371910014011022,21
371910014011030,21
371910014011031,21
371910014011021,21
371910014011015,21
371910014011014,21
371910014011007,21
371910014011008,21
371910019003045,21
371910019003055,21
371910014011006,21
371910019003046,21
371910019003047,21
371910019003054,21
371910019003040,21
371910019003029,21
371910019003011,21
371910019003030,21
371910019003021,21
371910019003022,21
371910019003007,21
371910019003004,21
371910019003012,21
371910019003013,21
371910019003006,21
371910019003005,21
371910019003031,21
371910019003032,21
371910019003039,21
371910019003023,21
371910019003038,21
371910019003037,21
371910019003033,21
371910018001009,21
371910018001007,21
371910018001008,21
371910018001005,21
371910018001004,21
371910018001006,21
371910018002041,21
371910018002038,21
371910018002037,21
371910018002034,21
371910018002039,21
371910018002018,21
371910018002019,21
371910018002017,21
371910018002016,21
371910018002015,21
371910018002020,21
371910018002014,21
371910018002011,21
371910018002013,21
371910018002012,21
371910012001096,21
371910012001095,21
371910012001094,21
371910018001000,21
371910012001097,21
371910012001093,21
371910012002021,21
371910018002010,21
371910012001092,21
371910018002009,21
371910018002008,21
371910018002007,21
371910012001098,21
371910012001091,21
371910012001071,21
371910012002034,21
371910012001075,21
371910012001072,21
371910012002006,21
371910012002016,21
371910012002015,21
371910012002007,21
371910012002008,21
371910012002009,21
371910012002042,21
371910012002020,21
371910012002041,21
371910012002014,21
371910012002010,21
371910012002004,21
371910012002002,21
371910012002001,21
371910012001066,21
371910012002003,21
371910001023034,21
371910001023045,21
371910001023035,21
371910012002000,21
371910001023044,21
371910012001067,21
371910001023043,21
371910001023042,21
371910001023041,21
371910015001036,22
371910015001025,22
371910015001037,22
371910015001032,22
371910015001026,22
371910015001033,22
371910015001027,22
371910015001028,22
371910015002000,22
371910014021012,22
371910015001038,22
371910015001039,22
371910014021011,22
371910015001034,22
371910014021010,22
371910014021006,22
371910014021004,22
371910014021003,22
371910020001054,22
371910020001053,22
371910020001046,22
371910020001055,22
371910020001056,22
371910015001019,22
371910015001018,22
371910020001064,22
371910020001063,21
371910020001062,21
371910020001057,22
371910020001058,21
371910020001061,21
371910020001059,21
371910020001042,21
371910020001041,21
371910020001049,22
371910020001047,22
371910020001032,22
371910020001020,22
371910020001031,22
371910020001021,22
371910020001045,22
371910020001044,22
371910020001030,22
371910020001022,22
371910020001007,22
371910018001039,21
371910018001040,21
371910020001006,22
371910018001052,21
371910018001053,21
371910020001029,22
371910020001043,22
371910020001028,22
371910020001023,22
371910020001036,21
371910020001037,21
371910020001024,22
371910020001003,22
371910020001025,21
371910020001002,21
371910020001005,22
371910020001004,22
371910018001063,21
371910018001054,21
371910004011011,21
371910004011009,21
371910004011010,21
371910003022042,21
371910004011012,21
371910003022041,21
371910004011014,21
371910004011013,21
371910004011017,21
371910003022046,21
371910003022040,21
371910003022034,21
371910003022033,21
371910003022019,21
371910003022030,21
371910003022018,21
371910003022029,21
371910003022031,21
371910003022014,21
371910011032011,21
371910011031004,21
371910011031005,21
371910011032012,21
371910011032002,21
371910011041015,21
371910011032013,21
371910011032003,21
371910011032015,21
371910011032014,21
371910011032000,21
371910011032001,21
371910011023009,21
371910011041016,21
371910011042029,21
371910011023007,21
371910011023008,21
371910011023006,21
371910011023010,21
371910011023001,21
371910011023005,21
371910011042024,21
371910011042030,21
371910011042035,21
371910011042031,21
371910011042033,21
371910011042034,21
371910011042027,21
371910011042026,21
371910011042002,21
371910011042028,21
371910011042003,21
371910011042000,21
371910011042036,21
371910011042044,21
371910011023004,21
371910011023000,21
371910011042042,21
371910004013008,21
371910004023025,22
371910004023024,21
371910004013010,21
371910004013012,21
371910004023013,21
371910004023008,21
371910004023009,21
371910004023010,21
371910004023011,21
371910004023003,21
371910004023002,21
371910004023012,21
371910004023014,21
371910004023015,21
371910004023018,21
371910004023001,21
371910004023000,21
371910004023017,21
371910004022012,21
371910004022013,21
371910004013009,21
371910004014031,21
371910004022048,21
371910004014030,21
371910004014029,21
371910004014001,21
371910004013007,21
371910004014032,21
371910004013011,21
371910004014040,21
371910004014021,21
371910004014022,21
371910004014038,21
371910004014024,21
371910004014039,21
371910004014043,21
371910004014041,21
371910004014042,21
371910004014023,21
371910004014017,21
371910004014019,21
371910004014020,21
371910004014018,21
371910004014027,21
371910004014025,21
371910004014004,21
371910004014036,21
371910018002026,21
371910019001029,21
371910018002006,21
371910018002005,21
371910018002004,21
371910018002001,21
371910018002002,21
371910018002003,21
371910012001076,21
371910018002000,21
371910012001099,21
371910012001086,21
371910012001087,21
371910012001077,21
371910019001030,21
371910019001032,21
371910019001031,21
371910019003001,21
371910019001019,21
371910019001033,21
371910019001018,21
371910019001022,21
371910019001020,21
371910019001021,21
371910019001016,21
371910012001089,21
371910012001088,21
371910012001085,21
371910012001084,21
371910012001103,21
371910012001104,21
371910012001073,21
371910012001074,21
371910012001070,21
371910012001083,21
371910012001068,21
371910012001061,21
371910012001062,21
371910012001069,21
371910012001063,21
371910012001064,21
371910012001036,21
371910012001029,21
371910012001031,21
371910012001032,21
371910012001030,21
371910012001005,21
371910012001060,21
371910012001078,21
371910012001081,21
371910012001079,21
371910018001030,21
371910018001029,21
371910012002028,21
371910012002029,21
371910012002027,21
371910012002025,21
371910012002037,21
371910012002023,21
371910012002017,21
371910011022025,21
371910012002005,21
371910018001035,21
371910018001041,21
371910018001034,21
371910018001027,21
371910018001028,21
371910012002038,21
371910018001026,21
371910018001025,21
371910012002040,21
371910018001024,21
371910018001042,21
371910018001043,21
371910018001020,21
371910018001021,21
371910018001019,21
371910018001044,21
371910018001018,21
371910018001015,21
371910018001023,21
371910018001022,21
371910018001002,21
371910018001013,21
371910018001016,21
371910018001017,21
371910018001012,21
371910012002043,21
371910012002024,21
371910012002039,21
371910012002022,21
371910012002018,21
371910012002036,21
371910012002019,21
371910018001045,21
371910018001058,21
371910018001014,21
371910018001046,21
371910018002042,21
371910018001059,21
371910018002036,21
371910018001047,21
371910018002035,21
371910018001011,21
371910018001010,21
371910018001001,21
371910018001003,21
371910006043037,21
371910006043033,21
371910006043035,21
371910006043034,21
371910006043030,21
371910006043032,21
371910006043003,21
371910006043000,21
371910004013014,21
371910004013015,21
371910004013013,21
371910006043002,21
371910006032011,22
371910006031016,22
371910006031019,22
371910006032012,22
371910006031012,22
371910006031003,22
371910006031010,22
371910006031011,22
371910006031002,22
371910006031008,22
371910004022039,21
371910006031000,22
371910006031018,22
371910006031024,22
371910006031017,22
371910004023023,22
371910006032001,22
371910006032000,22
371910006031009,22
371910004023021,22
371910004023022,22
371910006031007,22
371910013021006,21
371910013021042,21
371910013021041,21
371910013021043,21
371910004021014,21
371910013021039,21
371910004021013,21
371910004021010,21
371910013021032,21
371910004021009,21
371910004021007,21
371910004021008,21
371910004021004,21
371910004021003,21
371910013021004,21
371910013022029,21
371910013022036,21
371910013021002,21
371910013022037,21
371910013012027,21
371910013021036,21
371910013021035,21
371910013021003,21
371910013021001,21
371910013012019,21
371910013012026,21
371910013012021,21
371910013021037,21
371910004021002,21
371910013013012,21
371910013021000,21
371910004021006,21
371910004021005,21
371910013013013,21
371910003023026,21
371910013013014,21
371910013013011,21
371910013012022,21
371910013012023,21
371910013013010,21
371910013013007,21
371910013013009,21
371910013012029,21
371910013012028,21
371910013012024,21
371910004023028,22
371910006043007,21
371910006043001,21
371910012001028,21
371910012001027,21
371910012001026,21
371910012001010,21
371910003042019,21
371910012001009,21
371910012001008,21
371910001023022,21
371910001023019,21
371910001023024,21
371910003042020,21
371910003042018,21
371910003042017,21
371910003042007,21
371910012001006,21
371910012001007,21
371910001023025,21
371910001023023,21
371910001023020,21
371910001023021,21
371910001024020,21
371910003042021,21
371910001024004,21
371910003042004,21
371910003042009,21
371910003042006,21
371910003042008,21
371910003043010,21
371910003042024,21
371910003042022,21
371910003042023,21
371910003042013,21
371910003042012,21
371910003042014,21
371910003042015,21
371910012001002,21
371910003031015,21
371910003031011,21
371910003031012,21
371910003031010,21
371910003042010,21
371910003043009,21
371910003031009,21
371910003042016,21
371910003042011,21
371910003031006,21
371910003031005,21
371910003031008,21
371910013022015,21
371910013022039,21
371910013022009,21
371910013022040,21
371910013022010,21
371910013022008,21
371910012001055,21
371910013022012,21
371910012001054,21
371910013022014,21
371910013022013,21
371910013022007,21
371910013012014,21
371910013022011,21
371910013012012,21
371910013012010,21
371910013012009,21
371910013022006,21
371910013022005,21
371910013022001,21
371910013022000,21
371910012001049,21
371910012001050,21
371910012001051,21
371910013011038,21
371910012001000,21
371910003031014,21
371910013011006,21
371910003031013,21
371910013012006,21
371910013012007,21
371910013012008,21
371910013012002,21
371910013012005,21
371910013012004,21
371910013012001,21
371910013012000,21
371910013022004,21
371910013022003,21
371910013022002,21
371910013011034,21
371910013012003,21
371910013011015,21
371910013011016,21
371910013011036,21
371910013011017,21
371910013011014,21
371910013011008,21
371910013011013,21
371910013011009,21
371910013011005,21
371910013011004,21
371910003031026,21
371910003031017,21
371910003031016,21
371910003031025,21
371910003031023,21
371910003031019,21
371910003031024,21
371910003031004,21
371910004013005,21
371910004014033,21
371910004014035,21
371910004014034,21
371910004013006,21
371910004013002,21
371910004013004,21
371910004014014,21
371910004014012,21
371910004014013,21
371910004013003,21
371910004014009,21
371910004011007,21
371910004014010,21
371910004014011,21
371910004011021,21
371910004013001,21
371910004013000,21
371910004011022,21
371910004011019,21
371910004011023,21
371910004011024,21
371910004011025,21
371910004011018,21
371910003041007,21
371910001031057,21
371910002002041,21
371910002002036,21
371910003041016,21
371910003041005,21
371910003041017,21
371910003041004,21
371910002002042,21
371910003041006,21
371910003043006,21
371910003043007,21
371910003043008,21
371910003043003,21
371910003041023,21
371910003043002,21
371910003043011,21
371910003043001,21
371910003041025,21
371910003041018,21
371910003041019,21
371910003041020,21
371910003041003,21
371910003041002,21
371910013011035,21
371910013011019,21
371910013011007,21
371910013011011,21
371910013011018,21
371910013011029,21
371910013011037,21
371910013011021,21
371910013011030,21
371910013011020,21
371910013011012,21
371910013011000,21
371910013011031,21
371910013011010,21
371910013011022,21
371910013011023,21
371910013011026,21
371910013011027,21
371910013011003,21
371910013011002,21
371910013011001,21
371910003031018,21
371910003031020,21
371910003021015,21
371910013011024,21
371910013011025,21
371910013011028,21
371910003021034,21
371910003021032,21
371910003021017,21
371910003021016,21
371910003021033,21
371910003021018,21
371910003021001,21
371910003021019,21
371910003021014,21
371910003021013,21
371910003021010,21
371910003031002,21
371910003021000,21
371910003031021,21
371910003031022,21
371910003021011,21
371910003021012,21
371910003021009,21
371910003021025,21
371910003021008,21
371910003021006,21
371910003021002,21
371910003021003,21
371910003021007,21
371910003021005,21
371910003032020,21
371910003032017,21
371910003021022,21
371910003021024,21
371910003021023,21
371910003021035,21
371910003022010,21
371910003022002,21
371910003022004,21
371910003022001,21
371910003032024,21
371910003032025,21
371910003032027,21
371910003032026,21
371910003032011,21
371910003033018,21
371910003032007,21
371910003032012,21
371910003032013,21
371910003032014,21
371910003022017,21
371910003022000,21
371910003032009,21
371910003032008,21
371910003032006,21
371910003032005,21
371910002003043,21
371910003032010,21
371910003032004,21
371910003032003,21
371910002003045,21
371910003032002,21
371910003032001,21
371910003032000,21
371910002003041,21
371910002003040,21
371910002003036,21
371910002003044,21
371910002003042,21
371910002003037,21
371910002003038,21
371910003022009,21
371910003022011,21
371910003022007,21
371910003032022,21
371910003032021,21
371910003032019,21
371910003032018,21
371910003021004,21
371910003033014,21
371910003033012,21
371910003033004,21
371910003033011,21
371910003033013,21
371910003033009,21
371910003033010,21
371910003033008,21
371910003033015,21
371910003033007,21
371910003032016,21
371910003033017,21
371910003033016,21
371910003031001,21
371910003041024,21
371910003031000,21
371910003043000,21
371910003041035,21
371910003041021,21
371910003041022,21
371910003033006,21
371910003033005,21
371910003033003,21
371910003033000,21
371910003033001,21
371910003033002,21
371910003041036,21
371910003041038,21
371910003041037,21
371910003041039,21
371910003041034,21
371910003041001,21
371910003041033,21
371910003041000,21
371910002003035,21
371910002003019,21
371910002003018,21
371910002003013,21
371910002003016,21
371910002003017,21
371910002003015,21
371910002003011,21
371910002003012,21
371910002003010,21
371910002003004,21
371910002003003,21
371910002003014,21
371910002003002,21
371910002003001,21
371910002003000,21
371910019003049,21
371910019003036,21
371910019003026,21
371910019003035,21
371910019003027,21
371910019003051,21
371910019003020,21
371910019003019,21
371910019003028,21
371910019002012,21
371910019001039,21
371910019002017,21
371910019002018,21
371910019002019,21
371910019002009,21
371910019002010,21
371910019002004,21
371910019002011,21
371910019002006,21
371910019001014,21
371910019002001,21
371910019001011,21
371910019001038,21
371910019002005,21
371910013022038,21
371910013022021,21
371910019002002,21
371910019002000,21
371910019001017,21
371910019001007,21
371910004022029,21
371910004022027,21
371910004022031,21
371910005001063,22
371910004022030,21
371910004022026,21
371910004022028,21
371910004022016,21
371910004021030,21
371910004021028,21
371910004021026,21
371910004021031,21
371910005001052,22
371910005003016,22
371910005003017,22
371910005001041,22
371910005001036,22
371910005002008,21
371910005001064,21
371910005001061,21
371910005001033,21
371910005002000,21
371910005001062,21
371910013021012,21
371910005002010,21
371910005002005,21
371910013021010,21
371910013021011,21
371910013021022,21
371910005002022,21
371910005002018,21
371910005002025,21
371910005002004,21
371910005002026,21
371910005002024,21
371910005002019,21
371910005002002,21
371910005002003,21
371910005002007,21
371910005002023,21
371910005002006,21
371910013021028,21
371910005002001,21
371910013021025,21
371910013021029,21
371910013021021,21
371910013021007,21
371910013022033,21
371910013022032,21
371910013022022,21
371910013022023,21
371910013022019,21
371910013022018,21
371910013022017,21
371910013022016,21
371910013022034,21
371910013022035,21
371910013022020,21
371910013022031,21
371910013021008,21
371910013021009,21
371910013021005,21
371910013022027,21
371910013022025,21
371910013012017,21
371910013012015,21
371910013022026,21
371910013012018,21
371910013012016,21
371910013012013,21
371910013022030,21
371910013022028,21
371910013022024,21
371910013012020,21
371910013012011,21
371910013021026,21
371910013021027,21
371910013021023,21
371910004021015,21
371910004021021,21
371910013021031,21
371910013021030,21
371910013021034,21
371910013021019,21
371910013021033,21
371910013021020,21
371910011021024,21
371910011022028,21
371910011022030,21
371910018001033,21
371910011021010,21
371910011021006,21
371910011021008,21
371910011021007,21
371910011021001,21
371910011022021,21
371910011021003,21
371910011021005,21
371910011021004,21
371910011021002,21
371910011022017,21
371910011021011,21
371910011022032,21
371910011022027,21
371910011022029,21
371910011022026,21
371910011022003,21
371910011022009,21
371910011022002,21
371910001042028,21
371910011022000,21
371910001022022,21
371910011022010,21
371910011022005,21
371910011022004,21
371910011022022,21
371910011022008,21
371910011022023,21
371910011022007,21
371910011022001,21
371910001022021,21
371910001022018,21
371910020001073,22
371910018001048,21
371910018001032,21
371910012002031,21
371910012002032,21
371910012002030,21
371910012002026,21
371910018001049,21
371910018001051,21
371910018001050,21
371910018001031,21
371910018001037,21
371910018001038,21
371910018001036,21
371910020001067,22
371910020001075,22
371910020001076,22
371910020001077,22
371910020001072,22
371910020001071,22
371910020001051,22
371910020001011,22
371910020001014,22
371910020001015,22
371910020001052,22
371910020001050,22
371910020001048,22
371910020001013,22
371910020001016,22
371910020001068,22
371910020001010,22
371910020001069,22
371910020001070,22
371910020001012,22
371910020001017,22
371910020001033,22
371910020001034,22
371910020001035,22
371910020001019,22
371910020001009,22
371910020001018,22
371910020001008,22
371910015002017,22
371910015002013,22
371910015002014,22
371910015002020,22
371910020001111,22
371910020001106,22
371910020001105,22
371910020001104,22
371910020001103,22
371910020001102,22
371910015001021,22
371910015001020,22
371910015002006,22
371910015002001,22
371910015001022,22
371910015001023,22
371910015001024,22
371910015002019,22
371910015002021,22
371910015002015,22
371910015002016,22
371910015002022,22
371910014022004,22
371910015002018,22
371910015002038,22
371910015002037,22
371910015002036,22
371910014011048,22
371910014013004,22
371910014011049,21
371910014013009,22
371910014013010,22
371910014013003,22
371910014011043,21
371910014013018,21
371910014013017,21
371910014013019,22
371910014013012,22
371910014013013,21
371910014013028,21
371910014013014,21
371910014013029,21
371910014013011,22
371910014013002,22
371910014011044,21
371910014013000,21
371910014013001,22
371910014013015,21
371910014011045,21
371910014011034,21
371910014012020,21
371910014012017,21
371910014012021,21
371910014012015,21
371910014012030,22
371910014012022,21
371910014012023,22
371910014012016,21
371910014012014,21
371910014012011,21
371910015001009,21
371910015001010,21
371910014012010,21
371910014012024,22
371910014012004,21
371910014012031,22
371910014012029,22
371910014012025,22
371910014011047,22
371910014012028,22
371910014011040,22
371910014012027,22
371910014011039,22
371910014012026,22
371910014012009,21
371910014012005,21
371910014012002,21
371910014012008,21
371910014012007,21
371910014012006,21
371910014012001,21
371910015001001,21
371910018002055,21
371910018002063,21
371910015001000,21
371910018002062,21
371910014012003,21
371910018002059,21
371910018002060,21
371910018002056,21
371910018002047,21
371910005001057,22
371910005001056,22
371910005001034,22
371910005001055,22
371910005001043,22
371910005001031,22
371910005001039,22
371910005001030,22
371910005001027,22
371910005001016,22
371910005001014,22
371910005001028,22
371910005001029,22
371910005001025,22
371910005001026,22
371910005001048,22
371910005001024,22
371910005001023,22
371910005001037,22
371910005001049,22
371910005001050,22
371910005001054,22
371910005001022,22
371910005001051,22
371910005001053,22
371910005001021,22
371910005001020,22
371910014022012,22
371910014022001,22
371910014022003,22
371910014022002,22
371910014022000,22
371910014013039,21
371910014013038,21
371910014021013,22
371910014021009,22
371910014021002,22
371910014021007,22
371910014021008,22
371910014013034,22
371910014013007,22
371910014021014,22
371910014021001,22
371910014013006,22
371910014021000,22
371910014013005,22
371910014013042,21
371910014013037,21
371910014013036,21
371910014013035,21
371910014013040,21
371910014013025,21
371910014013027,21
371910014013030,21
371910014013033,22
371910014013024,22
371910014013032,22
371910014013022,22
371910014013031,22
371910014013041,22
371910014013021,22
371910014013020,22
371910014013023,22
371910014013008,22
371910004022041,21
371910004022040,21
371910004022036,21
371910004023020,22
371910004023026,22
371910004023016,22
371910004023019,22
371910004022046,21
371910004022047,21
371910004022044,21
371910004022043,21
371910004023027,22
371910004022045,21
371910004023006,21
371910004023007,21
371910004023004,21
371910004023005,21
371910006031001,22
371910005001044,22
371910005001045,22
371910005001046,22
371910015002024,22
371910014022006,22
371910014022009,22
371910014022010,22
371910014022008,22
371910014022005,22
371910014022007,22
371910015002025,22
371910014022011,22
371910005001010,22
371910005001042,22
371910005001009,22
371910005001047,22
371910004022033,21
371910004022035,21
371910004022034,21
371910004022032,21
371910004022042,21
371910005001035,22
371910005001038,22
371910005001032,22
371910005001040,22
371910015002029,22
371910015002031,22
371910015002009,22
371910015002012,22
371910015002010,22
371910015002007,22
371910006031013,22
371910006031006,22
371910006031005,22
371910006031004,22
371910015002028,22
371910015002011,22
371910015002008,22
371910015002027,22
371910015002026,22
371910015002023,22
371910020001091,22
371910020001089,22
371910020001090,22
371910020001092,22
371910020001084,22
371910020001097,22
371910020001116,22
371910020001107,22
371910020001101,22
371910020001096,22
371910015002003,22
371910015002005,22
371910015002002,22
371910015002004,22
371910020001095,22
371910020001093,22
371910020001099,22
371910020001100,22
371910020001098,22
371910020001065,22
371910020001117,22
371910020001094,22
371910020001080,22
371910020001079,22
371910020001081,22
371910020001078,22
371910020001110,22
371910020001112,22
371910020001108,22
371910020001109,22
371910020001083,22
371910020001086,22
371910020001085,22
371910020001082,22
371910020001066,22
371910020001087,22
371910006011021,22
371910006011020,22
371910006011024,22
371910006011027,22
371910006011028,22
371910006011023,22
371910006011016,22
371910006011022,22
371910006011026,22
371910006011019,22
371910006011008,22
371910006011017,22
371910006011018,22
371910006031014,22
371910006031015,22
371910009013012,21
371910009011014,21
371910009011012,21
371910009011017,21
371910009011011,21
371910009023010,22
371910009013020,21
371910009023006,22
371910009013018,21
371910009023017,22
371910009023007,22
371910009013014,21
371910009013013,21
371910009013015,21
371910009011008,21
371910009013011,21
371910009013010,21
371910009011002,21
371910009011018,21
371910009011020,21
371910009011010,21
371910009011007,21
371910009011009,21
371910009011015,21
371910009011016,21
371910009011013,21
371910009011019,21
371910009023001,22
371910009023002,22
371910009013019,21
371910009013017,21
371910006011003,22
371910006011004,22
371910009013016,21
371910009013006,21
371910006012000,22
371910006012005,22
371910006012004,22
371910006013006,22
371910006012008,22
371910006012003,22
371910006012002,22
371910006012001,22
371910009022000,22
371910006011006,22
371910006011015,22
371910009023041,22
371910009022002,22
371910009023003,22
371910009023000,22
371910006011005,22
371910006011014,22
371910006011007,22
371910006011012,22
371910006011010,22
371910006011009,22
371910006011011,22
371910006034000,22
371910006013009,22
371910006013010,22
371910006013008,22
371910006013014,22
371910006013011,22
371910006013013,22
371910006031021,22
371910006031020,22
371910006031022,22
371910006031023,22
371910006011025,22
371910006013002,22
371910006013005,22
371910006013003,22
371910006013000,22
371910006013012,22
371910006013004,22
371910006013001,22
371910009022019,22
371910009022032,22
371910009022033,22
371910006034005,22
371910006034003,22
371910006034004,22
371910006034006,22
371910006034007,22
371910009022036,22
371910006034002,22
371910006013016,22
371910006013015,22
371910006034001,22
371910006013007,22
371910009022020,22
371910009022017,22
371910009022034,22
371910009022006,22
371910009022004,22
371910009022003,22
371910009022012,22
371910009023020,22
371910009023012,22
371910009013026,21
371910009023014,22
371910009022014,22
371910009022016,22
371910009022018,22
371910009022013,22
371910009022011,22
371910009023011,22
371910009023009,22
371910009022010,22
371910009022007,22
371910009022008,22
371910009022009,22
371910009023008,22
371910009023005,22
371910009023004,22
371910009023018,22
371910009022035,22
371910006012010,22
371910006012011,22
371910006012009,22
371910006012006,22
371910006012007,22
371910009022001,22
371910009022005,22
371910008001002,22
371910008002061,22
371910008001045,22
371910008001015,22
371910008001042,22
371910008001047,22
371910008001014,22
371910008001041,22
371910008001013,22
371910008001001,22
371910008001003,22
371910008002062,22
371910008001000,22
371910008001004,22
371910008001005,22
371910008002021,22
371910008002027,22
371910008002028,22
371910008002058,22
371910008002022,22
371910008002025,22
371910008002026,22
371910008002008,22
371910008002020,22
371910008002011,22
371910009021033,22
371910009021034,22
371910009021035,22
371910009021017,22
371910009021057,22
371910008002002,22
371910008002003,22
371910009021030,22
371910007001000,22
371910008001038,22
371910008001040,22
371910008001039,22
371910007002028,22
371910008001012,22
371910008001011,22
371910007002027,22
371910007002014,22
371910008001010,22
371910007002013,22
371910008001008,22
371910008001009,22
371910007002011,22
371910007002012,22
371910008001006,22
371910008002046,22
371910008001007,22
371910008002029,22
371910008002030,22
371910008002045,22
371910008002074,22
371910008002073,22
371910007002009,22
371910008002044,22
371910008002031,22
371910008002032,22
371910007002019,22
371910007002020,22
371910007002010,22
371910007002021,22
371910007002006,22
371910008002072,22
371910007002008,22
371910008002043,22
371910007002007,22
371910008002042,22
371910008002033,22
371910008002041,22
371910007002003,22
371910007002000,22
371910008002039,22
371910007002002,22
371910008002018,22
371910008002019,22
371910008002016,22
371910008002012,22
371910008002017,22
371910008002034,22
371910008002035,22
371910008002040,22
371910008002036,22
371910008002015,22
371910008002014,22
371910007002015,22
371910007002023,22
371910007002016,22
371910007002017,22
371910007003021,22
371910007003020,22
371910007002024,22
371910007002018,22
371910007002004,22
371910007002005,22
371910007003017,22
371910007003023,22
371910007003016,22
371910007003018,22
371910007003019,22
371910007003011,22
371910007003010,22
371910007002001,22
371910008002037,22
371910008002038,22
371910007003029,22
371910007003034,22
371910007003030,22
371910007003035,22
371910008002004,22
371910007003028,22
371910008002009,22
371910008002006,22
371910007003024,22
371910007003032,22
371910007003012,22
371910007003025,22
371910008002010,22
371910008002013,22
371910008002001,22
371910009021032,22
371910009021031,22
371910008001052,22
371910008001053,22
371910008001027,22
371910008001022,22
371910008001023,22
371910007001037,22
371910007001027,22
371910007001036,22
371910007001028,22
371910007001026,22
371910007001030,22
371910007001029,22
371910007001025,22
371910007001024,22
371910007001031,22
371910008001025,22
371910008001032,22
371910008001031,22
371910008001034,22
371910007001020,22
371910008001033,22
371910008001017,22
371910007001022,22
371910007001021,22
371910008001035,22
371910008001043,22
371910008001018,22
371910008001044,22
371910007001019,22
371910007001018,22
371910007001017,22
371910007001009,22
371910007001008,22
371910008001036,22
371910008001046,22
371910008001037,22
371910007001007,22
371910007001035,22
371910007001032,22
371910007001034,22
371910007001033,22
371910007001014,22
371910007001015,22
371910007001010,22
371910007001016,22
371910007001023,22
371910007001006,22
371910007001001,22
371910007001005,22
371910007001004,22
371910007001002,22
371910007002026,22
371910007001013,22
371910007001012,22
371910007001011,22
371910007001003,22
371910007002032,22
371910007002033,22
371910007002025,22
371910013021038,21
371910004022023,21
371910004022037,21
371910004022019,21
371910004022014,21
371910004021027,21
371910004022018,21
371910004022015,21
371910004022022,21
371910004022021,21
371910004022038,21
371910004022017,21
371910004022025,21
371910004022024,21
371910004022020,21
371910005001058,22
371910005001060,21
371910005001059,21
371910013021024,21
371910004021023,21
371910004021022,21
371910004021020,21
371910004021019,21
371910004021018,21
371910004021016,21
371910004021024,21
371910004021025,21
371910004021017,21
371910004021032,21
371910005003011,22
371910005003013,22
371910005003008,22
371910005003015,22
371910005003012,22
371910005003009,21
371910005003014,22
371910005003003,21
371910005003006,21
371910005003005,21
371910005003010,21
371910005002016,21
371910005002020,21
371910005002021,21
371910005002015,21
371910005002017,21
371910005002014,21
371910005002011,21
371910005002012,21
371910005002013,21
371910005003001,21
371910005003000,21
371910005003004,21
371910005002009,21
371910005003018,21
371910019003034,21
371910019003014,21
371910019003015,21
371910019003024,21
371910019003025,21
371910019003016,21
371910019003017,21
371910019003018,21
371910019003000,21
371910005001011,22
371910005001012,22
371910014013026,21
371910005001015,22
371910005001013,22
371910005001017,22
371910005001005,21
371910014013016,21
371910014011046,21
371910014011033,21
371910013021040,21
371910014011000,21
371910005001018,22
371910005001008,22
371910005001007,21
371910005001006,21
371910005001004,21
371910005001065,21
371910005001002,21
371910005001019,22
371910005001000,21
371910005003007,22
371910005001001,21
371910005001003,21
371910013021018,21
371910013021017,21
371910013021014,21
371910005003002,21
371910013021013,21
371910013021016,21
371910013021015,21
371910014011020,21
371910014011016,21
371910014011032,21
371910014011019,21
371910014011017,21
371910014011005,21
371910019003053,21
371910019003048,21
371910014011004,21
371910019002020,21
371910019003052,21
371910019003050,21
371910019002015,21
371910014011001,21
371910014011018,21
371910014011003,21
371910014011002,21
371910019002013,21
371910019002014,21
371910019002016,21
371910019002007,21
371910019002021,21
371910019002008,21
371910019002003,21
371910012001037,21
371910012001038,21
371910012001004,21
371910019001028,21
371910019001027,21
371910019001015,21
371910019001023,21
371910019001037,21
371910019001024,21
371910019001025,21
371910019001013,21
371910019001005,21
371910012001090,21
371910012001102,21
371910012001105,21
371910012001101,21
371910012001057,21
371910019001026,21
371910019001009,21
371910019001010,21
371910019001008,21
371910019001006,21
371910019001012,21
371910019001002,21
371910019001003,21
371910019001004,21
371910019001001,21
371910012001100,21
371910012001056,21
371910019001000,21
371910012001052,21
371910012001053,21
371910012001080,21
371910012001082,21
371910012001059,21
371910012001058,21
371910012001034,21
371910012001033,21
371910012001035,21
371910012001039,21
371910012001040,21
371910012001046,21
371910012001003,21
371910012001041,21
371910012001047,21
371910012001045,21
371910012001044,21
371910012001048,21
371910012001043,21
371910012001042,21
371910012001001,21
371910012001025,21
371910012001011,21
371910012002035,21
371910012002012,21
371910012002033,21
371910012002013,21
371910012002011,21
371910012001065,21
371910012001024,21
371910012001023,21
371910011022024,21
371910011022006,21
371910001023038,21
371910001023039,21
371910001023033,21
371910001023028,21
371910001023031,21
371910001023005,21
371910001023008,21
371910001023007,21
371910001023004,21
371910001023009,21
371910001023006,21
371910001023002,21
371910001023046,21
371910001023001,21
371910001023003,21
371910001023000,21
371910001023026,21
371910001023012,21
371910001023027,21
371910001023014,21
371910001023010,21
371910001023040,21
371910001024019,21
371910001023013,21
371910001024013,21
371910001024014,21
371910001024012,21
371910001024011,21
371910001023029,21
371910001023037,21
371910001023036,21
371910001023030,21
371910012001020,21
371910012001021,21
371910012001022,21
371910012001019,21
371910012001014,21
371910012001018,21
371910012001015,21
371910012001017,21
371910003031007,21
371910003043005,21
371910003031003,21
371910001024021,21
371910001024003,21
371910001024002,21
371910001024001,21
371910001024000,21
371910003042005,21
371910003042000,21
371910001021006,21
371910003041027,21
371910003042001,21
371910003043004,21
371910003042003,21
371910003042002,21
371910001021004,21
371910003041043,21
371910003041026,21
371910003041041,21
371910003041032,21
371910003041040,21
371910003041042,21
371910003041015,21
371910001021003,21
371910001043047,21
371910001043046,21
371910001043038,21
371910001043039,21
371910001021002,21
371910001021001,21
371910001043045,21
371910001043040,21
371910001043036,21
371910001043037,21
371910001043041,21
371910001021000,21
371910003041030,21
371910001043044,21
371910003041029,21
371910003041031,21
371910003041028,21
371910001043043,21
371910003041012,21
371910003041013,21
371910003041014,21
371910003041011,21
371910003041010,21
371910001043042,21
371910003041009,21
371910001043019,21
371910003041008,21
371910001031064,21
371910001031056,21
371910001031055,21
371910001031053,21
371910002002027,21
371910001031051,21
371910001031052,21
371910002002035,21
371910002002034,21
371910002002029,21
371910002002039,21
371910002002040,21
371910002002028,21
371910002002038,21
371910001031054,21
371910001031019,21
371910001031037,21
371910001031027,21
371910001031028,21
371910001031038,21
371910001031039,21
371910001031029,21
371910001031020,21
371910001031050,21
371910002002024,21
371910001031045,21
371910002002025,21
371910002002022,21
371910001031063,21
371910001031046,21
371910001031036,21
371910001031040,21
371910001031041,21
371910001031049,21
371910002002023,21
371910001031047,21
371910001031048,21
371910002002012,21
371910001031042,21
371910001031043,21
371910001031032,21
371910002002037,21
371910002002026,21
371910002002021,21
371910002002030,21
371910002002020,21
371910002002013,21
371910002002014,21
371910002002011,21
371910002002010,21
371910001031044,21
371910002001044,21
371910002001043,21
371910002002009,21
371910002002015,21
371910002002008,21
371910002001042,21
371910001031030,21
371910001031022,21
371910001031031,21
371910001031021,21
371910001031033,21
371910001031034,21
371910002001035,21
371910001041005,21
371910001042001,21
371910001041006,21
371910001041001,21
371910001041000,21
371910001042000,21
371910001022002,21
371910001043023,21
371910001043002,21
371910001043001,21
371910001021023,21
371910001021021,21
371910001021020,21
371910001021017,21
371910001024010,21
371910001021014,21
371910001021016,21
371910001022028,21
371910001022000,21
371910001021013,21
371910001024015,21
371910001024008,21
371910001024007,21
371910001021015,21
371910001024005,21
371910001024006,21
371910001021024,21
371910001021012,21
371910001021011,21
371910001022001,21
371910001043022,21
371910001043048,21
371910001043021,21
371910001043009,21
371910001043003,21
371910001043004,21
371910001043008,21
371910001043006,21
371910001043020,21
371910001021009,21
371910001043014,21
371910001043011,21
371910001043010,21
371910001043013,21
371910001043012,21
371910001043030,21
371910001043015,21
371910001043029,21
371910001043016,21
371910001043028,21
371910001021010,21
371910001021008,21
371910001021007,21
371910012001016,21
371910012001012,21
371910001023015,21
371910012001013,21
371910001023032,21
371910001023017,21
371910001023011,21
371910001024018,21
371910001024016,21
371910001024017,21
371910001023016,21
371910001023018,21
371910001024009,21
371910001042020,21
371910001042019,21
371910001042018,21
371910001022024,21
371910001022023,21
371910001022025,21
371910001022026,21
371910001042021,21
371910001042022,21
371910001042025,21
371910001042023,21
371910001042024,21
371910001022011,21
371910001022019,21
371910001021022,21
371910001021018,21
371910001022013,21
371910001022012,21
371910001021019,21
371910001022020,21
371910001022009,21
371910001022010,21
371910001022008,21
371910001022007,21
371910001022006,21
371910001022005,21
371910001022014,21
371910001022015,21
371910001022003,21
371910001022004,21
371910001022029,21
371910001022016,21
371910001022027,21
371910001022017,21
371910001042002,21
371910002001036,21
371910002001037,21
371910002001041,21
371910002001026,21
371910001031035,21
371910002001032,21
371910002001033,21
371910002001034,21
371910001031023,21
371910002002033,21
371910002002032,21
371910002002003,21
371910002002019,21
371910002002016,21
371910002002018,21
371910002002031,21
371910002002017,21
371910002002005,21
371910002002007,21
371910002001039,21
371910002001040,21
371910002002006,21
371910002001038,21
371910002002004,21
371910002001046,21
371910002001027,21
371910002001028,21
371910002001030,21
371910002001029,21
371910002001031,21
371910002001022,21
371910002001023,21
371910002001021,21
371910002001045,21
371910002001020,21
371910002001012,21
371910001031007,21
371910001031006,21
371910001031008,21
371910001031005,21
371910001031009,21
371910001031026,21
371910001031004,21
371910001031003,21
371910002001024,21
371910002001025,21
371910001031024,21
371910001031001,21
371910001031002,21
371910001031025,21
371910001031000,21
371910002001008,21
371910002002002,21
371910002001019,21
371910002001013,21
371910002002001,21
371910002001018,21
371910002001011,21
371910002001010,21
371910002001007,21
371910002001014,21
371910002001006,21
371910002001009,21
371910002001005,21
371910004011020,21
371910004011015,21
371910004011016,21
